,disease,AP@[IoBB = 0.50:0.95]_without_clinical,AR@[IoBB = 0.50:0.95]_without_clinical,AP@[IoBB = 0.50:0.95]_with_clinical_lr3_200,AR@[IoBB = 0.50:0.95]_with_clinical_lr3_200,AP@[IoBB = 0.50:0.95]_CXR_Clinical_ap,AR@[IoBB = 0.50:0.95]_CXR_Clinical_ap,AP@[IoBB = 0.50:0.95]_CXR_Clinical_final,AR@[IoBB = 0.50:0.95]_CXR_Clinical_final,AP@[IoBB = 0.50:0.95]_CXR_ap,AR@[IoBB = 0.50:0.95]_CXR_ap,AP@[IoBB = 0.50:0.95]_CXR_final,AR@[IoBB = 0.50:0.95]_CXR_final
0,Enlarged cardiac silhouette,0.0142214221422142,0.0875,0.3091040243859874,0.6666666666666667,0.6471581409918626,0.9166666666666666,0.6876692685991008,0.875,0.4568054254010097,0.5708333333333333,0.5648030968510384,0.6666666666666667
1,Atelectasis,0.0207020702070207,0.2222222222222222,0.1710340206953025,0.7777777777777778,0.122306348281887,0.7777777777777778,0.3556930693069307,0.7777777777777778,0.099009900990099,0.3333333333333333,0.1722065063649221,0.5555555555555556
2,Pleural abnormality,0.2303630363036304,0.3888888888888889,0.5518756626793901,0.7777777777777778,0.5591377120206473,0.7777777777777778,0.6061578643179514,0.7222222222222222,0.331974373907979,0.3888888888888889,0.3572607260726073,0.4444444444444445
3,Consolidation,0.1852685268526852,0.2857142857142857,0.256082751132256,0.5,0.3165962750121165,0.5,0.5409067222511724,0.7857142857142857,0.095088587806149,0.3571428571428571,0.1491682696221745,0.4928571428571429
4,Pulmonary edema,0.0,0.0,0.2772277227722772,0.375,0.1287128712871287,0.25,0.2444782939832444,0.5,0.0,0.0,0.0,0.0
5,all,0.0901110111011101,0.1968650793650794,0.3130648363330426,0.6194444444444445,0.3547822695187285,0.6444444444444444,0.48698104369168,0.7321428571428571,0.1965756576210473,0.3300396825396825,0.2486877197821485,0.4319047619047619
