,disease,AP@[IoBB = 0.50:0.95]_original,AR@[IoBB = 0.50:0.95]_original,AP@[IoBB = 0.50:0.95]_custom_without_clinical,AR@[IoBB = 0.50:0.95]_custom_without_clinical,AP@[IoBB = 0.50:0.95]_custom_with_clinical_drop0,AR@[IoBB = 0.50:0.95]_custom_with_clinical_drop0,AP@[IoBB = 0.50:0.95]_custom_with_clinical_drop2,AR@[IoBB = 0.50:0.95]_custom_with_clinical_drop2,AP@[IoBB = 0.50:0.95]_custom_with_clinical_drop3,AR@[IoBB = 0.50:0.95]_custom_with_clinical_drop3,AP@[IoBB = 0.50:0.95]_custom_with_clinical_drop5,AR@[IoBB = 0.50:0.95]_custom_with_clinical_drop5
0,Enlarged cardiac silhouette,0.0392853739155428,0.0958333333333333,0.0562640989373662,0.0958333333333333,0.0492882365159592,0.1083333333333333,0.2025626141806727,0.2833333333333333,0.048670854480406,0.0833333333333333,0.1052462389096052,0.175
1,Atelectasis,0.0429042904290428,0.1111111111111111,0.0306930693069306,0.111111111111111,0.0148514851485148,0.0555555555555555,0.0028288543140028,0.0555555555555555,0.0015841584158415,0.0222222222222222,0.0039603960396039,0.0222222222222222
2,Pleural abnormality,0.0162376237623762,0.0611111111111111,0.0133663366336633,0.0666666666666666,0.0293535235876528,0.1277777777777777,0.0135313531353135,0.0388888888888888,0.0121782178217821,0.05,0.0312543019007783,0.1055555555555555
3,Consolidation,0.0105610561056105,0.0571428571428571,0.0647922687005542,0.2071428571428571,0.0345587602238484,0.1642857142857142,0.0841584158415841,0.0785714285714285,0.0368736873687368,0.0642857142857142,0.0125412541254125,0.0285714285714285
4,Pulmonary edema,0.0,0.0,0.0,0.0,0.0,0.0,0.0,0.0,0.0,0.0,0.0,0.0
