,disease,AP@[IoBB = 0.50:0.95]_without_clinical,AR@[IoBB = 0.50:0.95]_without_clinical,AP@[IoBB = 0.50:0.95]_with_clinical_lr3_200,AR@[IoBB = 0.50:0.95]_with_clinical_lr3_200
0,Enlarged cardiac silhouette,0.0095622720166753,0.0458333333333333,0.2389389463683999,0.5
1,Atelectasis,0.0,0.0,0.0707213578500707,0.2222222222222222
2,Pleural abnormality,0.1287128712871287,0.1666666666666666,0.5518756626793901,0.7777777777777778
3,Consolidation,0.0,0.0,0.0,0.0
4,Pulmonary edema,0.0,0.0,0.1287128712871286,0.125
5,all,0.0276550286607608,0.0425,0.1980497676369979,0.325
