,disease,AP@[IoU = 0.50:0.95]_original,AR@[IoU = 0.50:0.95]_original,AP@[IoU = 0.50:0.95]_custom_without_clinical,AR@[IoU = 0.50:0.95]_custom_without_clinical,AP@[IoU = 0.50:0.95]_custom_with_clinical,AR@[IoU = 0.50:0.95]_custom_with_clinical
0,Enlarged cardiac silhouette,0.0239878987898789,0.0666666666666666,0.0641448760260641,0.1125,0.096686203041765,0.1291666666666666
1,Atelectasis,0.0237623762376237,0.0222222222222222,0.0178217821782178,0.0333333333333333,0.0356435643564356,0.0333333333333333
2,Pleural abnormality,0.0,0.0,0.0053530627788053,0.0333333333333333,0.0013201320132013,0.0222222222222222
3,Consolidation,0.0,0.0,0.0,0.0,0.0,0.0
4,Pulmonary edema,0.0,0.0,0.0,0.0,0.0,0.0
