,disease,AP@[IoBB = 0.50:0.95]_without_clinical,AR@[IoBB = 0.50:0.95]_without_clinical,AP@[IoBB = 0.50:0.95]_with_clinical_lr3_200,AR@[IoBB = 0.50:0.95]_with_clinical_lr3_200
0,Enlarged cardiac silhouette,0.0095622720166753,0.0458333333333333,0.3091040243859874,0.6666666666666667
1,Atelectasis,0.0207020702070207,0.2222222222222222,0.1710340206953025,0.7777777777777778
2,Pleural abnormality,0.2303630363036304,0.3888888888888889,0.5518756626793901,0.7777777777777778
3,Consolidation,0.0792079207920791,0.0714285714285714,0.164073550212164,0.2857142857142857
4,Pulmonary edema,0.0,0.0,0.2772277227722772,0.375
5,all,0.0679670598638811,0.1456746031746031,0.2946629961490243,0.5765873015873015
