,disease,AP@[IoBB = 0.50]_CXR,AR@[IoBB = 0.50]_CXR,AP@[IoBB = 0.50]_CXR_Clinial_fusion1_fusion2,AR@[IoBB = 0.50]_CXR_Clinial_fusion1_fusion2
0,Enlarged cardiac silhouette,0.0604531607006854,0.1666666666666666,0.3314631463146314,0.4583333333333333
1,Atelectasis,0.0,0.0,0.0,0.0
2,Pleural abnormality,0.0661212523237435,0.2777777777777778,0.0845392231530845,0.1666666666666666
3,Consolidation,0.0198019801980198,0.1428571428571428,0.0185643564356435,0.1428571428571428
4,Pulmonary edema,0.0,0.0,0.0,0.0
5,all,0.0292752786444897,0.1174603174603174,0.0869133451806719,0.1535714285714285
