,disease,AP@[IoBB = 0.50:0.95]_without_clinical,AR@[IoBB = 0.50:0.95]_without_clinical,AP@[IoBB = 0.50:0.95]_with_clinical_lr3_200,AR@[IoBB = 0.50:0.95]_with_clinical_lr3_200
0,Enlarged cardiac silhouette,0.4418942872645491,0.5798387096774194,0.317042743441998,0.5209677419354839
1,Atelectasis,0.1803377788774353,0.3555555555555555,0.1373090323879726,0.3049382716049382
2,Pleural abnormality,0.0775397045199025,0.1325396825396825,0.1779757772866498,0.3166666666666666
3,Consolidation,0.0,0.0,0.0,0.0
4,Pulmonary edema,0.0,0.0,0.1349863115086988,0.1891089108910891
5,all,0.1257889737958511,0.2001854696478352,0.1606297590689129,0.2673736464788312
