,disease,AP@[IoBB = 0.50:0.95]_without_clinical,AR@[IoBB = 0.50:0.95]_without_clinical,AP@[IoBB = 0.50:0.95]_with_clinical_lr3_200,AR@[IoBB = 0.50:0.95]_with_clinical_lr3_200,AP@[IoBB = 0.50:0.95]_CXR_Clinical_ap,AR@[IoBB = 0.50:0.95]_CXR_Clinical_ap,AP@[IoBB = 0.50:0.95]_CXR_Clinical_final,AR@[IoBB = 0.50:0.95]_CXR_Clinical_final,AP@[IoBB = 0.50:0.95]_CXR_ap,AR@[IoBB = 0.50:0.95]_CXR_ap,AP@[IoBB = 0.50:0.95]_CXR_final,AR@[IoBB = 0.50:0.95]_CXR_final
0,Enlarged cardiac silhouette,0.4339106093864627,0.5911290322580645,0.3609121092528322,0.6346774193548386,0.3943205528930045,0.6387096774193549,0.4602277289625908,0.675,0.4309762703282311,0.5862903225806452,0.4702782853098936,0.6040322580645161
1,Atelectasis,0.2184905821101321,0.5024691358024691,0.2439194069640899,0.4814814814814815,0.2130708413830192,0.5209876543209877,0.2554675457427603,0.5166666666666666,0.212293730141493,0.4395061728395061,0.271407141433962,0.4925925925925926
2,Pleural abnormality,0.1460245571643364,0.4134920634920634,0.2094136723085682,0.3833333333333333,0.2445977946003249,0.5222222222222223,0.3307874566988728,0.4936507936507935,0.1484854082737192,0.3746031746031746,0.2248810126953015,0.4428571428571429
3,Consolidation,0.0331880629381366,0.2701492537313432,0.0186649520925796,0.2164179104477611,0.0655604668007139,0.4,0.1298826993432548,0.5268656716417911,0.0654289084326641,0.4104477611940298,0.3368423856612588,0.5537313432835821
4,Pulmonary edema,0.2727137511051468,0.6326732673267328,0.1771544517881538,0.4504950495049505,0.2258760665741548,0.4980198019801981,0.4875449161477352,0.694059405940594,0.3504532889893335,0.5584158415841585,0.5201532158108024,0.6693069306930693
5,all,0.2059243848056322,0.469662303824287,0.1855189664096264,0.4411843396665136,0.2391482428842803,0.5321512369156534,0.34277738844074,0.5896600111822784,0.2699936532957215,0.5033834894750375,0.3854540573413836,0.5706232105010411
