,disease,AP@[IoBB = 0.50:0.95]_without_clinical,AR@[IoBB = 0.50:0.95]_without_clinical,AP@[IoBB = 0.50:0.95]_with_clinical_lr3_200,AR@[IoBB = 0.50:0.95]_with_clinical_lr3_200
0,Enlarged cardiac silhouette,0.3918703458037142,0.5733870967741936,0.3831707929842287,0.6580645161290322
1,Atelectasis,0.1844744779361225,0.4228395061728395,0.2537115272644196,0.5265432098765432
2,Pleural abnormality,0.1014002825648313,0.3547619047619048,0.1932054416329736,0.4166666666666667
3,Consolidation,0.0452122141428545,0.2791044776119403,0.0155551603465969,0.1776119402985074
4,Pulmonary edema,0.2749437502366165,0.5871287128712872,0.1470321984298724,0.4663366336633664
5,all,0.2105954125808965,0.4556724309888861,0.1864369993778581,0.4632079602982116
