,disease,AP@[IoBB = 0.50:0.95]_without_clinical,AR@[IoBB = 0.50:0.95]_without_clinical,AP@[IoBB = 0.50:0.95]_with_clinical_lr3_200,AR@[IoBB = 0.50:0.95]_with_clinical_lr3_200
0,Enlarged cardiac silhouette,0.3885233930443671,0.5645161290322581,0.3258214717550213,0.5685483870967742
1,Atelectasis,0.1807389736143526,0.4018518518518518,0.1911308103772348,0.4537037037037037
2,Pleural abnormality,0.0925716685879799,0.2984126984126984,0.2322077642151153,0.4357142857142856
3,Consolidation,0.0324509648767074,0.126865671641791,0.0274768738523432,0.1522388059701492
4,Pulmonary edema,0.2700976535189848,0.5574257425742576,0.1571593487374724,0.4524752475247525
5,all,0.2050727861217467,0.4059313984374723,0.1855036714795259,0.4237321106643529
