,disease,AP@[IoBB = 0.50]_CXR,AR@[IoBB = 0.50]_CXR,AP@[IoBB = 0.50]_CXR_Clinial_fusion1_fusion2,AR@[IoBB = 0.50]_CXR_Clinial_fusion1_fusion2
0,Enlarged cardiac silhouette,0.5667022011330809,0.8,0.6988685061614873,0.9043478260869564
1,Atelectasis,0.1042293129618939,0.5284552845528455,0.0939214796537561,0.4552845528455284
2,Pleural abnormality,0.1345081494021482,0.4568965517241379,0.0999709513655008,0.3189655172413793
3,Consolidation,0.0420309043859421,0.2807017543859649,0.117766669729795,0.4035087719298245
4,Pulmonary edema,0.1810625573610313,0.6559139784946236,0.2526257069110193,0.6344086021505376
5,all,0.2153386208817956,0.5592540544916575,0.239130588793945,0.5405225214631907
