,disease,AP@[IoBB = 0.50:0.95]_original,AR@[IoBB = 0.50:0.95]_original,AP@[IoBB = 0.50:0.95]_custom_without_clinical,AR@[IoBB = 0.50:0.95]_custom_without_clinical,AP@[IoBB = 0.50:0.95]_custom_with_clinical,AR@[IoBB = 0.50:0.95]_custom_with_clinical
0,Enlarged cardiac silhouette,0.031777659908848,0.0833333333333333,0.087925101495282,0.1458333333333333,0.1023161778039471,0.1416666666666666
1,Atelectasis,0.0237623762376237,0.0222222222222222,0.0356435643564356,0.0666666666666666,0.0594059405940593,0.0555555555555555
2,Pleural abnormality,0.0029702970297029,0.0166666666666666,0.0164508758568164,0.0944444444444444,0.010504994771923,0.1
3,Consolidation,0.0,0.0,0.0015841584158415,0.0071428571428571,0.0,0.0
4,Pulmonary edema,0.0,0.0,0.0,0.0,0.0,0.0
